"DATASET","SERIES_CODE","OBS_MEASURE","COUNTRY","PRODUCTION_INDEX","TYPE_OF_TRANSFORMATION","FREQUENCY","SCALE","1959-M12","1960","1960-Q1","1960-M01","1960-M02","1960-M03","1960-Q2","1960-M04","1960-M05","1960-M06","1960-Q3","1960-M07","1960-M08","1960-M09","1960-Q4","1960-M10","1960-M11","1960-M12","1961","1961-Q1","1961-M01","1961-M02","1961-M03","1961-Q2","1961-M04","1961-M05","1961-M06","1961-Q3","1961-M07","1961-M08","1961-M09","1961-Q4","1961-M10","1961-M11","1961-M12","1962","1962-Q1","1962-M01","1962-M02","1962-M03","1962-Q2","1962-M04","1962-M05","1962-M06","1962-Q3","1962-M07","1962-M08","1962-M09","1962-Q4","1962-M10","1962-M11","1962-M12","1963","1963-Q1","1963-M01","1963-M02","1963-M03","1963-Q2","1963-M04","1963-M05","1963-M06","1963-Q3","1963-M07","1963-M08","1963-M09","1963-Q4","1963-M10","1963-M11","1963-M12","1964","1964-Q1","1964-M01","1964-M02","1964-M03","1964-Q2","1964-M04","1964-M05","1964-M06","1964-Q3","1964-M07","1964-M08","1964-M09","1964-Q4","1964-M10","1964-M11","1964-M12","1965","1965-Q1","1965-M01","1965-M02","1965-M03","1965-Q2","1965-M04","1965-M05","1965-M06","1965-Q3","1965-M07","1965-M08","1965-M09","1965-Q4","1965-M10","1965-M11","1965-M12","1966","1966-Q1","1966-M01","1966-M02","1966-M03","1966-Q2","1966-M04","1966-M05","1966-M06","1966-Q3","1966-M07","1966-M08","1966-M09","1966-Q4","1966-M10","1966-M11","1966-M12","1967","1967-Q1","1967-M01","1967-M02","1967-M03","1967-Q2","1967-M04","1967-M05","1967-M06","1967-Q3","1967-M07","1967-M08","1967-M09","1967-Q4","1967-M10","1967-M11","1967-M12","1968","1968-Q1","1968-M01","1968-M02","1968-M03","1968-Q2","1968-M04","1968-M05","1968-M06","1968-Q3","1968-M07","1968-M08","1968-M09","1968-Q4","1968-M10","1968-M11","1968-M12","1969","1969-Q1","1969-M01","1969-M02","1969-M03","1969-Q2","1969-M04","1969-M05","1969-M06","1969-Q3","1969-M07","1969-M08","1969-M09","1969-Q4","1969-M10","1969-M11","1969-M12","1970","1970-Q1","1970-M01","1970-M02","1970-M03","1970-Q2","1970-M04","1970-M05","1970-M06","1970-Q3","1970-M07","1970-M08","1970-M09","1970-Q4","1970-M10","1970-M11","1970-M12","1971","1971-Q1","1971-M01","1971-M02","1971-M03","1971-Q2","1971-M04","1971-M05","1971-M06","1971-Q3","1971-M07","1971-M08","1971-M09","1971-Q4","1971-M10","1971-M11","1971-M12","1972","1972-Q1","1972-M01","1972-M02","1972-M03","1972-Q2","1972-M04","1972-M05","1972-M06","1972-Q3","1972-M07","1972-M08","1972-M09","1972-Q4","1972-M10","1972-M11","1972-M12","1973","1973-Q1","1973-M01","1973-M02","1973-M03","1973-Q2","1973-M04","1973-M05","1973-M06","1973-Q3","1973-M07","1973-M08","1973-M09","1973-Q4","1973-M10","1973-M11","1973-M12","1974","1974-Q1","1974-M01","1974-M02","1974-M03","1974-Q2","1974-M04","1974-M05","1974-M06","1974-Q3","1974-M07","1974-M08","1974-M09","1974-Q4","1974-M10","1974-M11","1974-M12","1975","1975-Q1","1975-M01","1975-M02","1975-M03","1975-Q2","1975-M04","1975-M05","1975-M06","1975-Q3","1975-M07","1975-M08","1975-M09","1975-Q4","1975-M10","1975-M11","1975-M12","1976","1976-Q1","1976-M01","1976-M02","1976-M03","1976-Q2","1976-M04","1976-M05","1976-M06","1976-Q3","1976-M07","1976-M08","1976-M09","1976-Q4","1976-M10","1976-M11","1976-M12","1977","1977-Q1","1977-M01","1977-M02","1977-M03","1977-Q2","1977-M04","1977-M05","1977-M06","1977-Q3","1977-M07","1977-M08","1977-M09","1977-Q4","1977-M10","1977-M11","1977-M12","1978","1978-Q1","1978-M01","1978-M02","1978-M03","1978-Q2","1978-M04","1978-M05","1978-M06","1978-Q3","1978-M07","1978-M08","1978-M09","1978-Q4","1978-M10","1978-M11","1978-M12","1979","1979-Q1","1979-M01","1979-M02","1979-M03","1979-Q2","1979-M04","1979-M05","1979-M06","1979-Q3","1979-M07","1979-M08","1979-M09","1979-Q4","1979-M10","1979-M11","1979-M12","1980","1980-Q1","1980-M01","1980-M02","1980-M03","1980-Q2","1980-M04","1980-M05","1980-M06","1980-Q3","1980-M07","1980-M08","1980-M09","1980-Q4","1980-M10","1980-M11","1980-M12","1981","1981-Q1","1981-M01","1981-M02","1981-M03","1981-Q2","1981-M04","1981-M05","1981-M06","1981-Q3","1981-M07","1981-M08","1981-M09","1981-Q4","1981-M10","1981-M11","1981-M12","1982","1982-Q1","1982-M01","1982-M02","1982-M03","1982-Q2","1982-M04","1982-M05","1982-M06","1982-Q3","1982-M07","1982-M08","1982-M09","1982-Q4","1982-M10","1982-M11","1982-M12","1983","1983-Q1","1983-M01","1983-M02","1983-M03","1983-Q2","1983-M04","1983-M05","1983-M06","1983-Q3","1983-M07","1983-M08","1983-M09","1983-Q4","1983-M10","1983-M11","1983-M12","1984","1984-Q1","1984-M01","1984-M02","1984-M03","1984-Q2","1984-M04","1984-M05","1984-M06","1984-Q3","1984-M07","1984-M08","1984-M09","1984-Q4","1984-M10","1984-M11","1984-M12","1985","1985-Q1","1985-M01","1985-M02","1985-M03","1985-Q2","1985-M04","1985-M05","1985-M06","1985-Q3","1985-M07","1985-M08","1985-M09","1985-Q4","1985-M10","1985-M11","1985-M12","1986","1986-Q1","1986-M01","1986-M02","1986-M03","1986-Q2","1986-M04","1986-M05","1986-M06","1986-Q3","1986-M07","1986-M08","1986-M09","1986-Q4","1986-M10","1986-M11","1986-M12","1987","1987-Q1","1987-M01","1987-M02","1987-M03","1987-Q2","1987-M04","1987-M05","1987-M06","1987-Q3","1987-M07","1987-M08","1987-M09","1987-Q4","1987-M10","1987-M11","1987-M12","1988","1988-Q1","1988-M01","1988-M02","1988-M03","1988-Q2","1988-M04","1988-M05","1988-M06","1988-Q3","1988-M07","1988-M08","1988-M09","1988-Q4","1988-M10","1988-M11","1988-M12","1989","1989-Q1","1989-M01","1989-M02","1989-M03","1989-Q2","1989-M04","1989-M05","1989-M06","1989-Q3","1989-M07","1989-M08","1989-M09","1989-Q4","1989-M10","1989-M11","1989-M12","1990","1990-Q1","1990-M01","1990-M02","1990-M03","1990-Q2","1990-M04","1990-M05","1990-M06","1990-Q3","1990-M07","1990-M08","1990-M09","1990-Q4","1990-M10","1990-M11"
"IMF.STA:PI(2.0.0)","DEU.IND.SA_IX.A","OBS_VALUE","Germany","Industrial Production","Seasonally adjusted (SA) Index","Annual","Units","","33.14279407033201","","","","","","","","","","","","","","","","","35.42834552163406","","","","","","","","","","","","","","","","","37.18141141504875","","","","","","","","","","","","","","","","","38.43285096293206","","","","","","","","","","","","","","","","","41.59493536094147","","","","","","","","","","","","","","","","","43.85553681076422","","","","","","","","","","","","","","","","","44.34468815555595","","","","","","","","","","","","","","","","","43.09784466057678","","","","","","","","","","","","","","","","","47.14631069008798","","","","","","","","","","","","","","","","","53.27416236920383","","","","","","","","","","","","","","","","","56.59448230291096","","","","","","","","","","","","","","","","","57.22939418266077","","","","","","","","","","","","","","","","","59.16301929730731","","","","","","","","","","","","","","","","","62.79258793356065","","","","","","","","","","","","","","","","","61.68559576266283","","","","","","","","","","","","","","","","","57.87021527328731","","","","","","","","","","","","","","","","","62.21611158359134","","","","","","","","","","","","","","","","","63.65861561648726","","","","","","","","","","","","","","","","","64.63757488505704","","","","","","","","","","","","","","","","","67.8607211287921","","","","","","","","","","","","","","","","","68.0051685057776","","","","","","","","","","","","","","","","","66.72812237742871","","","","","","","","","","","","","","","","","64.60474593574212","","","","","","","","","","","","","","","","","64.92975253395945","","","","","","","","","","","","","","","","","66.82266975145556","","","","","","","","","","","","","","","","","70.12526205253265","","","","","","","","","","","","","","","","","71.49422923896325","","","","","","","","","","","","","","","","","71.76277004435898","","","","","","","","","","","","","","","","","74.33065045976901","","","","","","","","","","","","","","","","","77.84794408936547","","","","","","","","","","","","","","","","","","","","","","","","","","","","","","","",""
"IMF.STA:PI(2.0.0)","DEU.IND.IX.A","OBS_VALUE","Germany","Industrial Production","Index","Annual","Units","","32.69493336376036","","","","","","","","","","","","","","","","","34.75842300143508","","","","","","","","","","","","","","","","","36.21835974791435","","","","","","","","","","","","","","","","","37.44296921243445","","","","","","","","","","","","","","","","","40.54047266477812","","","","","","","","","","","","","","","","","42.77510941660491","","","","","","","","","","","","","","","","","43.48109126248232","","","","","","","","","","","","","","","","","42.55274782511187","","","","","","","","","","","","","","","","","47.78051422103049","","","","","","","","","","","","","","","","","54.02608731853542","","","","","","","","","","","","","","","","","57.54756884911951","","","","","","","","","","","","","","","","","58.05517563086607","","","","","","","","","","","","","","","","","60.19710769586049","","","","","","","","","","","","","","","","","64.06931115355169","","","","","","","","","","","","","","","","","62.95555834251648","","","","","","","","","","","","","","","","","59.04834752056692","","","","","","","","","","","","","","","","","63.02427650198665","","","","","","","","","","","","","","","","","64.66638119951418","","","","","","","","","","","","","","","","","63.45149600284362","","","","","","","","","","","","","","","","","66.64753870272941","","","","","","","","","","","","","","","","","66.64300071106625","","","","","","","","","","","","","","","","","65.4248740917792","","","","","","","","","","","","","","","","","63.29785257082072","","","","","","","","","","","","","","","","","63.72183064906114","","","","","","","","","","","","","","","","","65.64853225231886","","","","","","","","","","","","","","","","","68.79725018200347","","","","","","","","","","","","","","","","","70.05946014887519","","","","","","","","","","","","","","","","","70.32979479509271","","","","","","","","","","","","","","","","","72.86134585859248","","","","","","","","","","","","","","","","","76.45024897960011","","","","","","","","","","","","","","","","","","","","","","","","","","","","","","","",""
"IMF.STA:PI(2.0.0)","DEU.IND.SA_POP_PCH_PT.A","OBS_VALUE","Germany","Industrial Production","Seasonally adjusted (SA) Period-over-preceding period percent change","Annual","Units","","11.34689195747124","","","","","","","","","","","","","","","","","6.896073536986359","","","","","","","","","","","","","","","","","4.948201412183341","","","","","","","","","","","","","","","","","3.365766656660065","","","","","","","","","","","","","","","","","8.227556162979415","","","","","","","","","","","","","","","","","5.43479976638094","","","","","","","","","","","","","","","","","1.11536964397998","","","","","","","","","","","","","","","","","-2.811708790476527","","","","","","","","","","","","","","","","","9.393662400974971","","","","","","","","","","","","","","","","","12.99752109851549","","","","","","","","","","","","","","","","","6.232514573756125","","","","","","","","","","","","","","","","","1.121861803331936","","","","","","","","","","","","","","","","","3.378727212234557","","","","","","","","","","","","","","","","","6.134860389754538","","","","","","","","","","","","","","","","","-1.762934459826854","","","","","","","","","","","","","","","","","-6.185204896221332","","","","","","","","","","","","","","","","","7.509728950861672","","","","","","","","","","","","","","","","","2.318537748791683","","","","","","","","","","","","","","","","","1.537826826878457","","","","","","","","","","","","","","","","","4.986490055461826","","","","","","","","","","","","","","","","","0.2128585941657692","","","","","","","","","","","","","","","","","-1.877866280473071","","","","","","","","","","","","","","","","","-3.182131260454645","","","","","","","","","","","","","","","","","0.5030692304565235","","","","","","","","","","","","","","","","","2.915331021023189","","","","","","","","","","","","","","","","","4.942323186668476","","","","","","","","","","","","","","","","","1.952174075877351","","","","","","","","","","","","","","","","","0.3756118616205452","","","","","","","","","","","","","","","","","3.578290545115158","","","","","","","","","","","","","","","","","4.731955939898808","","","","","","","","","","","","","","","","","","","","","","","","","","","","","","","",""
"IMF.STA:PI(2.0.0)","DEU.IND.YOY_PCH_PT.A","OBS_VALUE","Germany","Industrial Production","Year-over-year (YOY) percent change","Annual","Units","","11.62929679718449","","","","","","","","","","","","","","","","","6.311343763012309","","","","","","","","","","","","","","","","","4.200238734706098","","","","","","","","","","","","","","","","","3.381184219946956","","","","","","","","","","","","","","","","","8.272590335370676","","","","","","","","","","","","","","","","","5.512113216598631","","","","","","","","","","","","","","","","","1.650450122760771","","","","","","","","","","","","","","","","","-2.135050916193246","","","","","","","","","","","","","","","","","12.28537911912126","","","","","","","","","","","","","","","","","13.07138108353793","","","","","","","","","","","","","","","","","6.51811320301911","","","","","","","","","","","","","","","","","0.8820646847435441","","","","","","","","","","","","","","","","","3.689476505270658","","","","","","","","","","","","","","","","","6.43254070819332","","","","","","","","","","","","","","","","","-1.738356150522572","","","","","","","","","","","","","","","","","-6.206300007208195","","","","","","","","","","","","","","","","","6.733345044135043","","","","","","","","","","","","","","","","","2.605511381754248","","","","","","","","","","","","","","","","","-1.878696741854618","","","","","","","","","","","","","","","","","5.036985573582942","","","","","","","","","","","","","","","","","-0.006808941112440745","","","","","","","","","","","","","","","","","-1.827838792206091","","","","","","","","","","","","","","","","","-3.251089972255286","","","","","","","","","","","","","","","","","0.6698143160007722","","","","","","","","","","","","","","","","","3.023613075193576","","","","","","","","","","","","","","","","","4.79632647015256","","","","","","","","","","","","","","","","","1.834680839034318","","","","","","","","","","","","","","","","","0.3858645865141743","","","","","","","","","","","","","","","","","3.599542798149057","","","","","","","","","","","","","","","","","4.925661307400066","","","","","","","","","","","","","","","","","","","","","","","","","","","","","","","",""
"IMF.STA:PI(2.0.0)","DEU.IND.SA_YOY_PCH_PT.A","OBS_VALUE","Germany","Industrial Production","Seasonally adjusted (SA) Year-over-year (YOY) percent change","Annual","Units","","11.34689195747124","","","","","","","","","","","","","","","","","6.896073536986359","","","","","","","","","","","","","","","","","4.948201412183341","","","","","","","","","","","","","","","","","3.365766656660065","","","","","","","","","","","","","","","","","8.227556162979415","","","","","","","","","","","","","","","","","5.43479976638094","","","","","","","","","","","","","","","","","1.11536964397998","","","","","","","","","","","","","","","","","-2.811708790476527","","","","","","","","","","","","","","","","","9.393662400974971","","","","","","","","","","","","","","","","","12.99752109851549","","","","","","","","","","","","","","","","","6.232514573756125","","","","","","","","","","","","","","","","","1.121861803331936","","","","","","","","","","","","","","","","","3.378727212234557","","","","","","","","","","","","","","","","","6.134860389754538","","","","","","","","","","","","","","","","","-1.762934459826854","","","","","","","","","","","","","","","","","-6.185204896221332","","","","","","","","","","","","","","","","","7.509728950861672","","","","","","","","","","","","","","","","","2.318537748791683","","","","","","","","","","","","","","","","","1.537826826878457","","","","","","","","","","","","","","","","","4.986490055461826","","","","","","","","","","","","","","","","","0.2128585941657692","","","","","","","","","","","","","","","","","-1.877866280473071","","","","","","","","","","","","","","","","","-3.182131260454645","","","","","","","","","","","","","","","","","0.5030692304565235","","","","","","","","","","","","","","","","","2.915331021023189","","","","","","","","","","","","","","","","","4.942323186668476","","","","","","","","","","","","","","","","","1.952174075877351","","","","","","","","","","","","","","","","","0.3756118616205452","","","","","","","","","","","","","","","","","3.578290545115158","","","","","","","","","","","","","","","","","4.731955939898808","","","","","","","","","","","","","","","","","","","","","","","","","","","","","","","",""
"IMF.STA:PI(2.0.0)","DEU.IND.POP_PCH_PT.A","OBS_VALUE","Germany","Industrial Production","Period-over-preceding period percent change","Annual","Units","","11.62929679718449","","","","","","","","","","","","","","","","","6.311343763012309","","","","","","","","","","","","","","","","","4.200238734706098","","","","","","","","","","","","","","","","","3.381184219946956","","","","","","","","","","","","","","","","","8.272590335370676","","","","","","","","","","","","","","","","","5.512113216598631","","","","","","","","","","","","","","","","","1.650450122760771","","","","","","","","","","","","","","","","","-2.135050916193246","","","","","","","","","","","","","","","","","12.28537911912126","","","","","","","","","","","","","","","","","13.07138108353793","","","","","","","","","","","","","","","","","6.51811320301911","","","","","","","","","","","","","","","","","0.8820646847435441","","","","","","","","","","","","","","","","","3.689476505270658","","","","","","","","","","","","","","","","","6.43254070819332","","","","","","","","","","","","","","","","","-1.738356150522572","","","","","","","","","","","","","","","","","-6.206300007208195","","","","","","","","","","","","","","","","","6.733345044135043","","","","","","","","","","","","","","","","","2.605511381754248","","","","","","","","","","","","","","","","","-1.878696741854618","","","","","","","","","","","","","","","","","5.036985573582942","","","","","","","","","","","","","","","","","-0.006808941112440745","","","","","","","","","","","","","","","","","-1.827838792206091","","","","","","","","","","","","","","","","","-3.251089972255286","","","","","","","","","","","","","","","","","0.6698143160007722","","","","","","","","","","","","","","","","","3.023613075193576","","","","","","","","","","","","","","","","","4.79632647015256","","","","","","","","","","","","","","","","","1.834680839034318","","","","","","","","","","","","","","","","","0.3858645865141743","","","","","","","","","","","","","","","","","3.599542798149057","","","","","","","","","","","","","","","","","4.925661307400066","","","","","","","","","","","","","","","","","","","","","","","","","","","","","","","",""
"IMF.STA:PI(2.0.0)","DEU.IND.SA_IX.Q","OBS_VALUE","Germany","Industrial Production","Seasonally adjusted (SA) Index","Quarterly","Units","","","31.93850219623411","","","","32.68260330115995","","","","33.6186456805013","","","","34.48369608163418","","","","","35.43551445613296","","","","35.21202119140258","","","","35.53279975960382","","","","35.69581837623068","","","","","36.62397275799331","","","","36.78699137462018","","","","37.99911366921669","","","","37.48639382659996","","","","","37.25238323176464","","","","38.13846829310742","","","","39.19020130360331","","","","39.32692659496779","","","","","40.86771545534427","","","","40.98340608649883","","","","42.05617375720464","","","","42.66354957076601","","","","","43.68898925599951","","","","43.62062661031727","","","","43.9939918290433","","","","44.32002906229704","","","","","44.92477554333217","","","","44.8327489049138","","","","44.36735704776938","","","","43.45760799369042","","","","","42.12716573541311","","","","41.94048312605008","","","","43.22359739885507","","","","45.29814076205822","","","","","44.29373573703465","","","","46.18685515592727","","","","48.30872650460273","","","","50.01253398160608","","","","","51.316682914621","","","","52.7391518113167","","","","54.00123142391178","","","","55.28434569671678","","","","","56.00478280890647","","","","57.05651581940236","","","","56.82250522456703","","","","56.75414257888478","","","","","57.77958226411828","","","","57.45091569833832","","","","57.31419040697386","","","","56.63582261520403","","","","","58.36329408494354","","","","58.80502194935182","","","","59.03903254418716","","","","60.7165466959281","","","","","62.65436476776679","","","","62.91203935533828","","","","62.67802876050294","","","","63.21441259585584","","","","","62.86471136986594","","","","62.91203935533825","","","","61.58159709706095","","","","59.66744301795842","","","","","57.89527289527284","","","","57.26686242150155","","","","57.12750779761086","","","","59.45709641585928","","","","","61.2318958710711","","","","62.3966901801953","","","","62.18897291062239","","","","63.33273255953668","","","","","63.8428230696272","","","","63.5378204965834","","","","63.18811927059353","","","","64.35817224477022","","","","","63.72713243847268","","","","63.3064392342743","","","","65.49930256115825","","","","66.31439564429256","","","","","66.01465173630124","","","","68.02083245382216","","","","68.60191494212114","","","","69.11726411726413","","","","","69.7246399308255","","","","68.32057636181349","","","","67.52914727141533","","","","66.75875284122709","","","","","66.94543545059012","","","","66.57207023186405","","","","66.87444347238161","","","","66.82711548690932","","","","","66.43534494049963","","","","66.01465173630125","","","","63.56411382184583","","","","62.70169275323917","","","","","63.60881247479188","","","","65.244257306113","","","","64.51856152887086","","","","66.64569154259881","","","","","67.04009142153477","","","","64.28718026656174","","","","67.66850189530605","","","","68.60191494212116","","","","","69.32498138683709","","","","69.83770122945384","","","","70.44507704301523","","","","71.21547147320347","","","","","71.47051672824873","","","","71.65719933761175","","","","71.73082064834647","","","","71.44685273551258","","","","","70.77374360879517","","","","72.19358317296463","","","","71.54150870645716","","","","72.87195096473447","","","","","72.96397760315286","","","","73.85006266449566","","","","74.68881974036614","","","","76.1612459550604","","","","","76.27430725368871","","","","77.34970425692077","","","","78.51449856604498","","","","79.61093022948698","","","","","80.49701529082974","","","","80.8467165168196","","","","82.87919055960295","","","","","",""
"IMF.STA:PI(2.0.0)","DEU.IND.YOY_PCH_PT.Q","OBS_VALUE","Germany","Industrial Production","Year-over-year (YOY) percent change","Quarterly","Units","","","13.1240399385561","","","","12.62118808390618","","","","11.27566781755398","","","","9.781645314640192","","","","","10.65942459475508","","","","6.15119737048049","","","","5.519719114885292","","","","3.41284403669725","","","","","1.204080067489857","","","","5.138602182247158","","","","4.774433181149799","","","","5.542938254080814","","","","","1.871779327068746","","","","3.688380898955131","","","","3.028064992614484","","","","4.747495124739435","","","","","9.752287435840244","","","","8.149049841076641","","","","7.541218637992848","","","","7.767862874751271","","","","","8.255388369255724","","","","6.128064032015949","","","","4.672710305292567","","","","3.264430809554932","","","","","2.854996243425974","","","","3.482205986330404","","","","1.216328090173776","","","","-0.8595327372368413","","","","","-5.374969564158815","","","","-6.513693560325758","","","","-1.786837800427898","","","","5.114628185732509","","","","","7.449340623994885","","","","14.53194469821549","","","","13.46572709801412","","","","13.38499861610851","","","","","16.88918158414653","","","","13.77293273065674","","","","11.18450767841013","","","","10.9456622565054","","","","","10.78672403196065","","","","8.660902079925206","","","","5.397857106586144","","","","1.804180418041846","","","","","2.394822006472492","","","","1.04094975911907","","","","0.6600501059934322","","","","-0.4927598876161708","","","","","0.5463247245801358","","","","2.068965517241412","","","","3.297755229024101","","","","8.722470787541822","","","","","7.813552472046363","","","","7.361528194861549","","","","6.148642387174449","","","","4.558711894202678","","","","","0.8413511599816625","","","","0.7186977972883604","","","","-2.50993059496263","","","","-5.846388995032449","","","","","-6.583784230308567","","","","-9.951400138856782","","","","-7.428136473538119","","","","-0.7873376623376674","","","","","4.151744263164855","","","","8.905165767154954","","","","8.686819830713331","","","","5.395565736725755","","","","","4.70793003905582","","","","2.100294985250677","","","","1.441858395265003","","","","2.196778575587038","","","","","-2.838029596594348","","","","-7.75453599907542","","","","3.970168896687899","","","","-0.2506551213398403","","","","","4.193615689547259","","","","6.923912135638522","","","","4.540084388185671","","","","4.534551684751578","","","","","5.366439727673243","","","","0.07420715513201646","","","","-1.49338069099132","","","","-3.627622377622406","","","","","-3.987077156974573","","","","-2.724115052882201","","","","-0.7252315004506966","","","","0.1700680272109086","","","","","-0.8748663948378886","","","","-0.5295887662988745","","","","-5.093070287671749","","","","-6.391246934540618","","","","","-3.837859424920092","","","","-1.278586697858247","","","","1.765601217655977","","","","6.150497763088928","","","","","5.423813281282411","","","","-1.511684915835943","","","","4.410067945814257","","","","3.812127425295197","","","","","3.155406736261535","","","","8.375508172239251","","","","4.510293455572356","","","","3.419772502834519","","","","","2.428778736729578","","","","3.13492822966507","","","","1.891521441159204","","","","0.03182911302873245","","","","","-0.3951979718142303","","","","0.1670130641329828","","","","-0.1306787608578866","","","","1.810146720876794","","","","","3.234017068423425","","","","2.615880543925313","","","","4.375769704433466","","","","4.160155571760886","","","","","4.408992023205247","","","","5.246434374435841","","","","5.040374617455164","","","","5.000833472245395","","","","","5.757744131129314","","","","3.935089886098546","","","","5.662033136759468","","","","","",""
"IMF.STA:PI(2.0.0)","DEU.IND.POP_PCH_PT.Q","OBS_VALUE","Germany","Industrial Production","Period-over-preceding period percent change","Quarterly","Units","","","-5.060027395052788","","","","8.444369006195307","","","","-4.15557990295819","","","","11.25173511880461","","","","","-4.300917431192695","","","","4.026382391287664","","","","-4.7257446181067","","","","9.030410895302941","","","","","-6.344925479063184","","","","8.070627462867538","","","","-5.055746441343581","","","","9.830132939438686","","","","","-9.602582206980021","","","","9.997768355277844","","","","-5.660377358490559","","","","11.66308243727597","","","","","-5.283430699107633","","","","8.390944828521074","","","","-6.19059529764882","","","","11.89841354486069","","","","","-4.854947280633891","","","","6.26095667417982","","","","-7.47702097572472","","","","10.39291855059541","","","","","-5.232189212575727","","","","6.908935962990021","","","","-9.502932300859808","","","","8.128853655467497","","","","","-9.54846968462706","","","","5.622386619491789","","","","-4.927218466410901","","","","15.72709801409356","","","","","-7.539440907832781","","","","12.58456564688975","","","","-5.812283967030068","","","","15.64476061427283","","","","","-4.68193135771126","","","","9.58307723827084","","","","-7.955129703201692","","","","15.39633372264257","","","","","-4.818481848184825","","","","7.48035136384651","","","","-10.71920165175495","","","","11.4617460011563","","","","","-4.266263237518956","","","","6.059237854433816","","","","-11.05576841209023","","","","10.18522950270427","","","","","-3.266582685374228","","","","7.665364407921326","","","","-9.984984984984971","","","","15.97164303586322","","","","","-4.075272683686921","","","","7.213961431129994","","","","-11.00190357794962","","","","14.23458029595356","","","","","-7.48567061520822","","","","7.083557060840114","","","","-13.85481755766411","","","","10.3250649234351","","","","","-8.210227272727298","","","","3.223239156386779","","","","-11.44093206545015","","","","18.23941958887545","","","","","-3.640677411437495","","","","7.934284258787562","","","","-11.61848574237957","","","","14.65889368519424","","","","","-4.269357655734526","","","","5.246300425704416","","","","-12.18845101891442","","","","15.51217372230753","","","","","-8.985606319547289","","","","-0.07928228666804763","","","","-1.027311450764218","","","","10.82278481012658","","","","","-4.930515895678668","","","","2.539046856227482","","","","-3.233869707858131","","","","10.81691959961252","","","","","-4.173951048951032","","","","-2.611174458380861","","","","-4.749638996214365","","","","8.415963287716135","","","","","-4.531368102796668","","","","-1.330113613871188","","","","-2.792377131394173","","","","9.393701762350914","","","","","-5.527259007734403","","","","-0.9864217252396013","","","","-7.252046948735494","","","","7.8973689932594","","","","","-2.950304300511882","","","","1.648739565596575","","","","-4.392057525739514","","","","12.54647237297552","","","","","-3.614686562630541","","","","-5.038408508961979","","","","1.356508753007535","","","","11.90193590635618","","","","","-4.224424856442747","","","","-0.2329489039944811","","","","-2.258373205741643","","","","10.73428627374191","","","","","-5.142170038194904","","","","0.4548504958615963","","","","-3.436757719714969","","","","8.713198554846641","","","","","-5.54710977549941","","","","1.021859559814348","","","","-3.723739301196774","","","","10.82589285714288","","","","","-4.226134666805595","","","","0.4169688179840528","","","","-2.072576277306403","","","","10.5969543895874","","","","","-3.997332888814748","","","","1.222391998888737","","","","-2.26430629888843","","","","10.55532153889352","","","","","-3.305286553421152","","","","-0.5220989032639133","","","","-0.6403696979698514","","","","","",""
"IMF.STA:PI(2.0.0)","DEU.IND.SA_YOY_PCH_PT.Q","OBS_VALUE","Germany","Industrial Production","Seasonally adjusted (SA) Year-over-year (YOY) percent change","Quarterly","Units","","","12.55559673832474","","","","11.6600790513834","","","","11.54148128762103","","","","9.7765129321169","","","","","10.94920556516011","","","","7.739340305711992","","","","5.693727514468921","","","","3.515059092641956","","","","","3.353862135490061","","","","4.472819593787326","","","","6.940950125795459","","","","5.016205067766699","","","","","1.715844640677812","","","","3.673790293760314","","","","3.134514254082529","","","","4.90986883636112","","","","","9.704968944099344","","","","7.459496725267181","","","","7.312982220731335","","","","8.484321722270483","","","","","6.903429196422826","","","","6.434849554115562","","","","4.60768990309465","","","","3.882657463330444","","","","","2.828598940779931","","","","2.778782399035587","","","","0.8486732010519611","","","","-1.945894636924505","","","","","-6.227320613367621","","","","-6.451234531699035","","","","-2.577930544032291","","","","4.235237173281663","","","","","5.142928473349132","","","","10.12475706852238","","","","11.76470588235295","","","","10.40747620153241","","","","","15.85539593968896","","","","14.18649664123875","","","","11.78359549338707","","","","10.54098102097686","","","","","9.135625352257034","","","","8.186259846445322","","","","5.224461972928247","","","","2.658613145629194","","","","","3.169014084507016","","","","0.6912442396313346","","","","0.865300078663641","","","","-0.2084781097984037","","","","","1.010238907849895","","","","2.356979405034384","","","","3.009450408294392","","","","7.205199628597942","","","","","7.35234491147451","","","","6.984126984126956","","","","6.163712478845602","","","","4.113978867140112","","","","","0.3357253766418602","","","","-0.00000000000004768562632432676","","","","-1.749307827837935","","","","-5.611014058730571","","","","","-7.9049730227111","","","","-8.973126593388189","","","","-7.232825242303867","","","","-0.3525316176793949","","","","","5.763204505200106","","","","8.957759412304895","","","","8.859943848667605","","","","6.518374386414929","","","","","4.263998625901812","","","","1.828831486241709","","","","1.6066294605108","","","","1.61913065138878","","","","","-0.1812116469667192","","","","-0.3641630457272956","","","","3.657623169107832","","","","3.039588184826526","","","","","3.589553162520086","","","","7.446941064086058","","","","4.73686323310986","","","","4.226636533047863","","","","","5.619946628430291","","","","0.4406648627754145","","","","-1.563757617569269","","","","-3.412333092403075","","","","","-3.98597179274451","","","","-2.559267241379326","","","","-0.9695129073706697","","","","0.1024025206774271","","","","","-0.7619496484819617","","","","-0.8373158497570611","","","","-4.950066839663359","","","","-6.173276676109526","","","","","-4.254561285471205","","","","-1.167005217668387","","","","1.501551189245092","","","","6.290099383570299","","","","","5.394345238095277","","","","-1.466913838961866","","","","4.882223490096955","","","","2.935258610486418","","","","","3.408244107149834","","","","8.633946830265849","","","","4.103201740752269","","","","3.809742823195745","","","","","3.094894940453627","","","","2.605323594744184","","","","1.825171693042706","","","","0.3249030828872245","","","","","-0.9749098668236721","","","","0.7485414449784956","","","","-0.2639199442836348","","","","1.994627019467782","","","","","3.094698517665393","","","","2.294496849619393","","","","4.399279650115782","","","","4.513801190690978","","","","","4.536936936936956","","","","4.738847153487395","","","","5.122157290713248","","","","4.529448318718546","","","","","5.536212899445003","","","","4.521041539193654","","","","5.559090452429585","","","","","",""
"IMF.STA:PI(2.0.0)","DEU.IND.SA_POP_PCH_PT.Q","OBS_VALUE","Germany","Industrial Production","Seasonally adjusted (SA) Period-over-preceding period percent change","Quarterly","Units","","","1.674060433581692","","","","2.329793364616759","","","","2.864038616251015","","","","2.573126857500409","","","","","2.760198246282866","","","","-0.6307041626474797","","","","0.9109916367980654","","","","0.4587834837945728","","","","","2.600176782557462","","","","0.4451145092971669","","","","3.294975341290804","","","","-1.349294215333468","","","","","-0.624254752051579","","","","2.378599661208323","","","","2.757669769045142","","","","0.3488762160349223","","","","","3.917897974192666","","","","0.2830856334041328","","","","2.617565920318204","","","","1.444201312910261","","","","","2.403549858252192","","","","-0.156475686085716","","","","0.8559373116334845","","","","0.741094907960822","","","","","1.364499288087305","","","","-0.2048460728081006","","","","-1.038062283736993","","","","-2.050491881000378","","","","","-3.061471442400778","","","","-0.4431406815628712","","","","3.059369318538016","","","","4.799562017154319","","","","","-2.217320640817252","","","","4.274011634809468","","","","4.594102242969351","","","","3.526914494094593","","","","","2.607644182745405","","","","2.771942409181741","","","","2.393060125635666","","","","2.376083357678462","","","","","1.303148482830783","","","","1.877934272300459","","","","-0.4101382488479142","","","","-0.1203091018463115","","","","","1.806810284920086","","","","-0.5688282138793955","","","","-0.237986270022872","","","","-1.183594825213282","","","","","3.050139275766017","","","","0.7568590350047363","","","","0.3979432148446284","","","","2.84136456756032","","","","","3.191581500086611","","","","0.4112635863863286","","","","-0.3719647260417151","","","","0.8557764913163743","","","","","-0.5531985691706411","","","","0.075285457359145","","","","-2.114765745810159","","","","-3.108321591733913","","","","","-2.970078878949448","","","","-1.085426222807562","","","","-0.2433425160697604","","","","4.077875454503629","","","","","2.985008623358236","","","","1.902267262109232","","","","-0.3328978972651332","","","","1.839167935058349","","","","","0.8054137086395308","","","","-0.4777397965487259","","","","-0.5503827850196315","","","","1.851697736351537","","","","","-0.9805123176859931","","","","-0.660147708049709","","","","3.46388669684762","","","","1.244430171410204","","","","","-0.4520042821458147","","","","3.03899310949137","","","","0.8542713567839148","","","","0.751216894714653","","","","","0.8787613649332215","","","","-2.01372652537897","","","","-1.158405172413789","","","","-1.140832457267446","","","","","0.2796376526191537","","","","-0.5577157220847965","","","","0.4542043524625618","","","","-0.07077140835098826","","","","","-0.5862448851116931","","","","-0.633237028535275","","","","-3.712112159955359","","","","-1.356773526370254","","","","","1.446722858221157","","","","2.571097883597883","","","","-1.112275328443576","","","","3.296927214931937","","","","","0.5917860101787168","","","","-4.106365454759409","","","","5.259713701431492","","","","1.379390736711223","","","","","1.054003296155763","","","","0.7395888644466357","","","","0.8696961710779093","","","","1.093610032845618","","","","","0.3581318072734053","","","","0.2612022662055746","","","","0.1027409826441226","","","","-0.3958799164253476","","","","","-0.9421116549516559","","","","2.006167106289703","","","","-0.9032305058819434","","","","1.859678782755706","","","","","0.1262854050153333","","","","1.214414414414424","","","","1.135756755794498","","","","1.971414489896506","","","","","0.1484499067872692","","","","1.409907270157544","","","","1.505880753280309","","","","1.396470312447709","","","","","1.11301935398635","","","","0.4344275681854979","","","","2.513984649408128","","","","","",""
"IMF.STA:PI(2.0.0)","DEU.IND.IX.Q","OBS_VALUE","Germany","Industrial Production","Index","Quarterly","Units","","","30.3618022511082","","","","32.92566487012309","","","","31.55741255786489","","","","35.10816902922423","","","","","33.59819566767373","","","","34.95098750182732","","","","33.29929309098457","","","","36.3063560823317","","","","","34.00274484474443","","","","36.74697970831315","","","","34.88914558940886","","","","38.31879498228206","","","","","34.63920119338429","","","","38.10234828881749","","","","35.94561159322405","","","","40.1379779059248","","","","","38.01731565924213","","","","41.20732764149384","","","","38.65634875423278","","","","43.255840990355","","","","","41.15579271447844","","","","43.73253906524719","","","","40.46264794612165","","","","44.66789799057624","","","","","42.33078905042898","","","","45.25539615855151","","","","40.95480649911845","","","","44.28396278431168","","","","","40.05552202270015","","","","42.30759833327203","","","","40.2230105355001","","","","46.54892282663738","","","","","43.03939429689037","","","","48.45571512620626","","","","45.63933136481601","","","","52.77949550279621","","","","","50.30839575240899","","","","55.12948817469731","","","","50.7438658856889","","","","58.55656082121974","","","","","55.73502356712796","","","","59.90419916267179","","","","53.4829472565561","","","","59.61302682503495","","","","","57.06977817682617","","","","60.52777177955783","","","","53.83596150661141","","","","59.31927774104731","","","","","57.38156448526921","","","","61.78007050603146","","","","55.61133974229109","","","","64.49338441339096","","","","","61.86510313560684","","","","66.32802781513831","","","","59.03068214976119","","","","67.43345199961807","","","","","62.38560589846212","","","","66.80472589003052","","","","57.54905299806919","","","","63.49103008294191","","","","","58.27827221533672","","","","60.15672030504713","","","","53.27423080214383","","","","62.99114129089277","","","","","60.69783703870856","","","","65.51377596829534","","","","57.90206724812445","","","","66.38986972755669","","","","","63.55544874171107","","","","66.88975851960581","","","","58.73693306577352","","","","67.8483081620918","","","","","61.75172629617296","","","","61.70276811550836","","","","61.06888851321925","","","","67.67824290294108","","","","","64.34135637869555","","","","65.97501356508294","","","","63.84146758664643","","","","70.74714780670666","","","","","67.79419648872569","","","","66.02397174574755","","","","62.88807143686197","","","","68.18070844134097","","","","","65.09118956676925","","","","64.22540279291095","","","","62.43198733277591","","","","68.29666202712558","","","","","64.52172862324936","","","","63.88527227460949","","","","59.25228233592731","","","","63.93165370892335","","","","","62.04547538016062","","","","63.06844368141581","","","","60.2984413543394","","","","67.86376864019644","","","","","65.41070611426458","","","","62.11504753163136","","","","62.95764358833273","","","","70.45082197636825","","","","","67.47467994123032","","","","67.31749841383344","","","","65.79721806687987","","","","72.86007981433699","","","","","69.11349062031926","","","","69.42785367511304","","","","67.04178655430118","","","","72.88327053149392","","","","","68.84035550713774","","","","69.54380726089761","","","","66.95417717837503","","","","74.20256466308752","","","","","71.06666435420194","","","","71.36299018454035","","","","69.88393777919907","","","","77.28950679130843","","","","","74.19998791673675","","","","75.10700263220735","","","","73.40635004069998","","","","81.15462631746156","","","","","78.47223336631132","","","","78.06253069653911","","","","77.56264190449006","","","","","",""
"IMF.STA:PI(2.0.0)","DEU.IND.YOY_PCH_PT.M","OBS_VALUE","Germany","Industrial Production","Year-over-year (YOY) percent change","Monthly","Units","10.79234972677607","","","15.45535449421543","12.55448997384482","11.48723640399557","","17.33406472846954","6.343189284811784","14.66737910766763","","15.74419271580146","7.020925110132093","11.24260355029578","","9.192879785418132","9.283196239717919","10.90012330456218","","","7.297019527235265","12.13529563645747","12.49377799900444","","7.830762038335635","7.295627376425787","3.355079217148135","","4.955401387512339","5.762799073835732","5.827937095282029","","2.389459580169591","3.505376344085871","4.336224149432868","","","1.436781609195295","2.993322588072672","-0.7300884955752912","","2.40624322566651","4.540420819490474","8.588818755635618","","3.068932955618478","4.621746533690144","6.490384615384643","","4.972737186477714","6.378558071888715","5.242966751918171","","","1.534466477809313","-1.140174379610957","5.192779139737048","","2.857747671464901","1.673728813559441","6.477060411044338","","2.565277141548444","4.115322018135405","2.483069977426739","","5.692915021816003","6.523437500000069","1.984609153503507","","","9.509416414787286","12.82225237449121","7.09745762711867","","7.758798106606336","14.73223588247548","2.359134334178128","","9.55783832067881","6.342117016525132","6.8081698037644","","9.317869078041933","6.325632563256207","7.764098490865688","","","12.144373673036","7.737021447183689","5.143422354104745","","8.250572956455197","3.033054849255242","7.257142857142737","","4.260089686098538","3.905921881562264","5.736782902137114","","3.848228735838766","3.6040696671839","2.303298323198693","","","0.5301022340022015","1.916279069767399","6.114769520225685","","4.357798165137519","2.538339502908438","3.551767004084502","","4.183773216031186","-0.6669361358125144","0.1773049645389426","","0.5714285714285191","-1.864181091877562","-1.260806916426571","","","-5.593220338983173","-5.02008032128525","-5.514184397163205","","-6.762468300929913","-5.518308406395132","-7.254330303550033","","-2.796021767686274","-2.828077314343899","0.07079646017695662","","0.2410468319558482","3.392130257801831","12.13060926669096","","","5.006981847197324","6.880645781280058","10.30212047288424","","10.37171350861289","11.68122270742359","21.67159763313602","","7.45173745173743","19.17922948073702","14.14927484966394","","12.05771212641703","17.92979002624673","10.1350252155523","","","17.47720364741635","17.89246538392368","15.41340592038102","","15.04846393954325","16.74812642554575","9.817629179331301","","13.86992454186122","10.94518622628246","9.079640533002752","","12.26241569589206","11.44804562526078","9.14327917282119","","","10.31694695989647","10.46369737644902","11.52712264150939","","7.225474796515715","13.94083170527485","4.815942430113429","","7.888923950773132","3.784639746634941","4.602272727272666","","4.300928454396446","-0.312031952071966","1.624035728786003","","","6.757549105834006","2.803093068213154","-1.929685434840141","","4.527899853509063","-3.674219228414023","2.667018748349521","","2.120503071073302","-2.212389380531087","1.86040195545889","","2.644325173451912","0.4006510579690988","-4.634438673591795","","","-2.00466840587677","-0.4432505036938319","4.043126684636054","","3.924066760096764","1.131595677050204","1.14454732510291","","1.976227982242612","3.791543142456018","4.106119184108905","","2.69098329294743","7.070707070707179","17.17637201508182","","","5.674653215636961","11.46788990825702","6.282383419689262","","6.350373911977572","6.110133266281176","9.675778766687873","","0.9127931470299321","8.02766085387853","9.322576514278382","","4.42126179831092","4.425809457255953","4.826599928494795","","","1.710421638822547","-0.5930767368676377","1.486898232784848","","-1.406340057636922","0.1895734597156659","3.37352191050316","","1.906484831617035","-3.826885610910074","-5.118894225137623","","-3.663177925784894","-3.435199643096072","-10.39108685766256","","","-7.808629904836398","-8.16997443078047","-3.890957127416863","","-10.96691219455163","-5.735572374645272","-12.97521587978027","","-11.37511948654926","-4.456663290406668","-6.395061728395123","","-3.296296296296348","-0.6468006468007211","1.636640446587148","","","5.613687782805426","7.50464067886503","-0.2998875421716646","","10.83388049901512","5.582737423158985","10.42525773195884","","9.599383667180312","6.73936089656221","9.601688208915894","","9.715307034341919","4.045570797489021","2.621395581075992","","","5.850850180747025","2.79970399605322","5.577139992480184","","4.2180094786729","0.9624524714827996","1.131987396428896","","1.92605089273155","0.9222474460839453","1.468110709987928","","0.8377938096345698","1.173184357541837","4.731784454445915","","","0.8221603845181538","-6.910617876424697","-2.243589743589698","","-8.685766257389676","-7.131928916087975","-7.419801523194024","","5.200000000000047","4.864332911570369","2.158444022770385","","3.161781675513491","-3.412479293208202","-0.3600464576074974","","","1.430184418516993","3.750483309704717","7.285974499089106","","6.038346613545623","7.819034342922144","6.9300760314095","","7.735675888291369","4.142646467354676","2.054794520547751","","4.340044742729125","5.248113423279083","4.009791350973252","","","5.677179962894204","6.459627329192563","4.086021505376348","","2.078196548080351","-0.3055947343675939","-1.538640867233882","","-0.7423633929657546","-1.815139031925766","-1.911045387327862","","-1.79030874785582","-3.541553503530628","-5.637117561358289","","","-6.191479400749021","-3.395565927654572","-2.490213136146104","","-3.048079135035564","-2.499410516387638","-2.616313484077211","","-1.83913683178025","-2.08469909531924","1.530789748347468","","0.6767820106975344","0","-0.2019002375296452","","","-0.4491578290704462","-2.451986954946213","0.2007360321178069","","0.1067742318186914","-0.6408706166867578","-1.069778750303836","","-6.607544341743613","-3.776111408676978","-4.831524842946831","","-6.884961509270257","-6.36332920373913","-5.878852790669953","","","-3.860132848727866","-4.148093115403606","-3.539232053422332","","-3.448684522398633","-2.567847146160465","2.27328581961166","","0.7088404440282847","1.224603395491211","3.180508881421003","","4.005589194224472","6.687515034880905","7.915033506132244","","","6.087863381566934","7.98346466864745","2.549901926848959","","1.951638639990159","3.959530352235858","-10.16460410909526","","7.144754316069088","4.248006598845242","2.151913458183124","","5.620241827138445","3.280721533258277","2.472173403632182","","","3.354632587859489","1.47146787893294","4.55670567056711","","5.201059475078345","4.024990988826267","16.74468369666994","","6.333663857213788","3.257286034551074","3.917103165566017","","4.483782064871804","4.91212749699814","0.7088954950834786","","","2.734514326477252","3.536901674133489","1.140643495103878","","5.745021744106265","0.6121506121506241","3.024401420552197","","2.051521156312032","1.902937420178885","1.731317115932588","","0.1826113421934535","-1.196545624804764","1.203451407811204","","","-2.349265131350485","0.00000000000004262174643762128","1.032024683477001","","-1.525974025973978","2.83549535070602","-0.6783053486044383","","-2.512849800114236","1.554079458578715","0.6678155967255195","","1.073417721518957","2.232518955349544","2.176351806147509","","","3.033894287745794","2.710088818036781","3.896377422072354","","1.164963182767167","1.384237553025084","5.329153605015509","","1.546572934973469","6.639516228557125","4.996790070618235","","3.176034465484217","4.079110012360753","5.324989020641091","","","6.383712905451968","3.414634146341394","3.57794445570639","","8.136882129277538","1.640607795639707","5.899234693877518","","7.534325602861391","3.460247656521268","4.229083868337959","","5.738978442416048","4.63182897862239","4.597102053580748","","","5.719537247270025","5.113636363636403","6.380272042274248","","0.00000000000006267232221806821","9.847253818654627","2.38883870320194","","5.482832618025869","6.017897091722661","5.514274540477177","","6.15299843879149","5.58077941732888"
"IMF.STA:PI(2.0.0)","DEU.IND.POP_PCH_PT.M","OBS_VALUE","Germany","Industrial Production","Period-over-preceding period percent change","Monthly","Units","-4.70035252643949","","","-4.019728729963019","-0.4881808838643698","3.743867802736879","","6.470881035340958","-1.636278634876066","1.996197718631147","","-5.964585274930141","-3.691774033696697","11.24260355029585","","3.561517113783547","3.841000446627969","-3.290322580645197","","","-7.138092061374259","3.999042145593866","4.075523831452911","","2.057522123893804","-2.124430955993917","-1.749723145071995","","-4.508566275924296","-2.950897072710146","11.31111651666262","","0.1966783216783209","4.972737186477633","-2.514024516933281","","","-9.718670076726371","5.594900849858374","0.3129890453834258","","5.281925562736782","-0.08467400508045169","2.055084745762724","","-9.362673863400446","-1.488776912505697","13.29923273657287","","-1.231274368971846","6.378558071888633","-3.554687500000037","","","-12.89995949777236","2.813299232736573","6.739032112166441","","2.944915254237286","-1.234821979831175","6.876432590122949","","-12.69253265743809","0","11.52300133988388","","1.862234681617965","7.214468252408077","-7.664099743307701","","","-6.473391580619561","5.923566878980889","1.322910402886352","","3.580613254203769","5.156608097784567","-4.649473301852557","","-6.552380952380928","-2.93518141051777","12.01175976480469","","4.255718035245604","4.279805790325472","-6.414899120538024","","","-2.671826054910669","1.760696705793237","-1.11627906976743","","6.641580432737538","0.08821453775581203","-0.7403490216816838","","-9.163558870538068","-3.264907135874904","13.9854486661277","","2.39361702127661","4.03463203463204","-7.58988015978698","","","-4.358789625360214","3.16384180790961","2.957283680175214","","4.875886524822693","-1.656804733727803","0.2406738868832843","","-8.609157948893875","-7.768812159879904","14.95422177009153","","2.796460176991178","1.515151515151506","-7.021709633649955","","","-8.555271798613694","3.790145621384421","2.421679800115313","","3.490335897917066","-0.3445149592021776","-1.601164483260499","","-4.215976331360966","-7.799227799227825","18.38358458961474","","2.971347718429416","4.706286499484713","0.8366141732283583","","","-14.3647307629738","5.6420972644377","5.700413594677207","","3.555631167063623","0.837851158206004","7.201042684913639","","-15.41033434650454","2.263744160977357","13.3872101194659","","1.084598698481555","10.19313304721032","-5.828348866323547","","","-8.6558345642541","6.015523932729621","3.477730323367907","","3.22818396226417","2.327573896901325","0.8372871895060105","","-12.28895654580685","-0.3628905017355342","11.48060174188439","","4.034090909090912","9.393773894046976","-7.775836245631588","","","-7.673568818514013","6.156552330694814","4.473902236951112","","-0.7533703409992114","8.736183246770545","-7.23821187997549","","-9.717454449432249","-4.153261187481759","12.3588648153799","","3.734383487235203","4.555570100798523","-5.984725178414919","","","-3.009721667332566","2.224358094191969","-0.3357958361316614","","5.781671159029656","0.2038476239011302","-1.131595677050236","","-10.19804526748971","-8.219962766719219","17.03853955375254","","4.532728969470732","2.270118607320491","-10.69958847736626","","","-0.3351487222454906","3.853159590864518","4.155423637344832","","5.660621761658039","-2.488660046585717","-1.118933869751035","","-9.459631277813098","-6.586153630108109","17.39326518340352","","3.111794083749499","6.631892697466465","-2.271139063591886","","","-10.11798355380763","9.546539379474943","-0.6899055918663802","","5.72821450335161","-2.708933717579277","2.203791469194305","","-16.69371667053095","0","18.80044531032565","","-1.511069462340462","6.636536631779269","-1.896051751059528","","","-12.78990450204639","7.065571633424582","1.388043345915022","","2.714062687642607","-1.134104992400294","5.451750236518444","","-17.87596725356063","-5.626109517957094","17.2044566632904","","0","6.888888888888895","-8.962808962808982","","","-10.276579548338","6.645927601809952","6.112437019358241","","-4.848181931775566","4.674983585029535","-2.647095721992258","","-16.36597938144328","1.741140215716477","14.82659397243678","","3.310472170931165","9.81743903995913","-6.870495233666551","","","-6.765697166396217","8.555362163609595","-1.591021213616185","","5.777666374232373","-0.2843601895734545","1.817965779467678","","-16.99148091959389","-0.9138197666244933","17.90578887627696","","3.417569193742484","4.142424947637905","-8.14525139664809","","","-3.831650650772454","5.426258537819386","1.067786442711441","","4.41595441595442","-3.399272396543886","1.988937271978341","","-16.33971843987998","-1.889655172413779","18.54351187965698","","2.775142314990496","4.48880683129473","-4.914411927112095","","","-7.421602787456412","-2.659641199347672","6.134811187008645","","-2.465088038858522","-1.755478087649396","1.672791788113049","","-4.935809547550802","-2.202700930903395","15.4846494168119","","3.784536800557219","-2.17002237136466","-1.909444317402277","","","-5.758246881920997","-0.4329004329004776","9.751552795031066","","-3.599320882852327","-0.1056710109193086","0.8345086976962701","","-4.219606014687062","-5.464281367895831","13.16941297631307","","6.10852007735184","-1.318610634648328","-3.063552417164551","","","-4.247450409055268","0.3043071161048821","7.304550758459741","","-5.458895171813832","-2.438463308028477","-0.4126385286489167","","-3.445010062744219","-6.486022560078441","13.05886980464141","","6.239127913719137","-3.078266564785496","-5.169501069940338","","","-4.809976247030852","3.293824079850287","8.310182389177445","","-5.999776959964269","-1.886344762130778","-0.5320435308343846","","-2.674446875759779","-6.7199600299775","17.2335297268345","","5.345516847515706","-3.729805919982656","-5.360964072530676","","","-5.045816970129688","1.215691189372098","11.25557206537891","","-6.087924318308314","-2.619104053093099","-0.9614214433491806","","-8.1223887933153","-3.891935268155698","15.94767603673812","","3.072491598655775","-3.190498369818371","-4.871301419292729","","","-3.009229991149298","0.9125277017338146","11.96227877535201","","-5.99976923964465","-1.730698416595121","3.959530352235827","","-9.527814489967577","-3.399734395750307","18.18806708825957","","3.8967081540072","-0.6941334527541548","-3.776775648252498","","","-4.651435266549473","2.715654952076684","6.328508194760131","","-6.548154815481581","0.2046713219359482","-10.16460410909529","","7.904239668316163","-6.011403073872054","15.81168403006727","","7.42427693008428","-2.893788424846277","-4.530073136120495","","","-3.830322433112265","0.844132683390795","9.561424192407441","","-5.972237167760682","-0.9155413138017541","0.8200508200508173","","-1.718409898041048","-8.730621284531962","16.55172413793103","","8.010081087004156","-2.495688343309362","-8.355009884507305","","","-1.896003633060831","1.63175558384447","7.025734456843541","","-1.691669326524078","-5.725108225108239","3.237286189874871","","-2.646502835538699","-8.863506567675598","16.35543301165559","","6.365790607496763","-3.837974683544284","-6.128896377422067","","","-5.33991474085712","4.076795449158563","8.13026645411067","","-4.180707666385814","-1.549620837454712","-0.2902433578923707","","-4.444693237796679","-5.061511423550107","15.33999753177837","","6.79435052428846","-2.735196874060739","-6.18046971569843","","","-4.545454545454581","3.749712445364619","9.379157427937922","","-6.699777011960305","-1.336230309614362","3.589517727372827","","-7.876275510204084","-0.299988461982273","13.56324499479227","","4.942423316009374","-1.883860943872604","-5.057403008709383","","","-3.58594808714688","0.8541463942047757","9.551886792452828","","-2.593208728838431","-7.263411693791456","7.929801754956116","","-6.453879353608356","-4.077253218884097","14.40715883668905","","6.462651544779041","-2.911194783726687","-5.088914112750669","","","-2.55132549332267","0.2761300879525336","10.87200407955126","","-8.435286542176414","1.868595539481622","0.6015779092702137","","-3.627095382805593","-3.5906825348388","13.86368432158683","","7.107116382505556","-3.434553162038194"
"IMF.STA:PI(2.0.0)","DEU.IND.SA_YOY_PCH_PT.M","OBS_VALUE","Germany","Industrial Production","Seasonally adjusted (SA) Year-over-year (YOY) percent change","Monthly","Units","10.24930747922441","","","13.07993292342095","12.09587513935345","12.49310535024825","","15.31656068565119","9.344305813644877","10.45891141942374","","16.21548456957232","7.617586912065553","11.04485351309314","","9.268048963277598","9.485368314833654","10.57788944723631","","","10.23232822540795","11.56141223272015","11.05663152733524","","8.55909853752109","7.598931779558242","7.05314009661847","","5.171208944793957","6.437054631829009","5.48680831193091","","2.491998171010507","3.594470046082877","4.453533287889028","","","4.237668161434847","3.409850679741338","2.428256070640047","","0.9054770318019288","6.295126353790447","6.295126353790447","","4.540420819490419","9.88618611916966","6.418769366976365","","5.487396832478091","7.339857651245393","2.284098324994438","","","1.527210152720929","0.5603448275861643","3.06034482758617","","5.624863208579564","3.20526427510085","2.250053067289334","","3.750000000000007","3.066612510154368","2.599833610648955","","5.984351871431668","4.600082884376368","4.14717141641864","","","8.644067796610281","12.55893699099877","7.967377666248531","","7.1694985495235","6.190867955573911","9.030516919244403","","9.413926894016816","4.709359605911381","7.905939590512894","","7.621707901037549","6.67591125198096","11.23136614253618","","","8.638845553822086","5.236100533130145","6.875847375556675","","7.211910286156059","7.398799147782132","4.722010662604601","","3.154162000746426","5.005645464809845","5.673492391508465","","3.781979977752951","3.286908077994388","4.571323664402398","","","1.436007898043438","2.406368735299455","4.657484595868122","","2.39855725879179","1.911632100991987","4.036363636363747","","2.406368735299547","0.1612903225807841","0.0000000000001585550774246129","","-0.7859949982135257","-1.420352391226113","-3.599016853932525","","","-4.547867634047053","-5.795053003533526","-8.294372294372248","","-6.093694963015128","-7.060697221730641","-6.204124432016759","","-2.66784452296817","-3.48899624261946","-1.582222222222266","","0.7922218221101816","3.064016049607906","8.887270078309981","","","2.131998516870608","5.645161290322575","7.703927492447127","","7.314328582145555","11.82406702208681","11.25395938140486","","6.934107823561383","16.61104931405262","11.84971098265893","","10.93247588424436","13.66129888515307","6.840608797457761","","","17.22635687057541","15.28492810225458","15.0946704067321","","15.50157287661654","13.89409160565296","13.21386702394908","","14.44576472585301","10.15898251192368","10.90116279069771","","11.99677938808375","9.948622139187326","9.721352536004997","","","8.795292660266352","9.701262704034504","8.910891089108914","","9.260099863822088","8.760651816415048","6.568047337278148","","8.157816671610828","3.579160051955587","4.004659967962761","","3.450754852624061","1.005380911923001","3.538307889855992","","","5.180757187589033","2.610892756878271","1.748251748251861","","1.481789225869102","-0.742268041237034","1.346474181010607","","1.714207350521194","-0.9892712832658967","1.862223466816081","","1.348158443363522","0.7430253750175716","-2.687060768912761","","","-0.7171853856562691","1.094391244870038","2.680412371134024","","1.937772925764184","2.82509347735773","2.314751403917286","","1.186463529729021","5.122431747818744","2.804123711340193","","3.894679100383966","7.278040634567229","10.54941942792414","","","7.373585934305611","7.564276048714517","7.121820615796553","","6.532797858099053","7.892255892255881","6.532797858099087","","2.251832111925396","8.433734939759051","7.82190132370637","","5.741816261879598","4.488260474769713","2.164723965671829","","","1.574003554201564","0.3396653667127813","-0.8872781804549144","","-0.113093742146253","0.3370365747097774","-0.226187484292522","","3.348970549908764","-4.493827160493826","-3.844246031746009","","-3.545125452502795","-4.729981378026092","-8.575727181544638","","","-8.310422394401406","-8.462888665998029","-6.934812760055496","","-8.365832180148421","-9.716347350087048","-8.828715365239288","","-10.95700416088765","-5.157704239917293","-5.493938612329163","","-3.325999741167366","-1.277039353661715","3.771256171146375","","","4.470492026713841","7.053828242706403","5.771575667253686","","7.784184514003161","8.80529144274481","10.2914767233042","","8.920985556499538","8.21861796374536","9.443231441048013","","7.362784471218192","5.979408658922932","6.224395401083691","","","5.440313111546019","3.057830092118746","4.316638913795328","","2.59839510890338","1.114488348530953","1.778557114228515","","1.144045761830509","2.22921914357686","1.433915211970113","","0.9975062344139948","0.9963880931623004","2.861408310525034","","","2.63548626577582","0.00000000000009490527379765327","-3.155697445972371","","-0.1117318435753253","0.6763527054108605","-1.636721634260344","","5.475578406169709","2.082050018479777","3.491087891825479","","2.185185185185249","2.836354667653283","4.075955491049904","","","0.9644364074744876","3.637492240844293","6.301508811969116","","6.624409644543929","6.506593680020014","9.220567996997449","","6.921764562515311","4.392951967173605","2.945718018767147","","3.539929926301847","5.432306031898351","3.71876815804768","","","5.934328358208927","6.169142309535174","4.759064885496155","","1.340482573726486","1.448428921854839","-1.43184421534943","","-1.413266469113366","0.1965317919074606","-3.472943348332833","","-1.866977829638356","-2.729754322111073","-5.568627450980508","","","-5.410279531109163","-3.508969874760299","-3.028577934646575","","-2.956061651713852","-2.245250431778961","-2.475305055200513","","-2.161849710982701","-2.249913464866782","1.589768109012632","","1.581450653983315","-0.9354536950421674","-0.3203607024205064","","","0.5362249761677538","-2.069691300280696","-0.7279558529998934","","-0.0000000000000151013784607502","-0.6242638398115376","-1.894661582459529","","-5.967151128441523","-4.084041548630871","-4.800564772326195","","-6.332670022240492","-6.692634560906556","-5.487441971193955","","","-4.421002726087534","-4.561194029850826","-3.784742755765902","","-2.631267038046826","-3.259452411994876","2.477833110652196","","1.218899220909797","0.1107555993108866","3.176368804844874","","3.999000249937525","6.616065781151174","8.274559193954669","","","5.282738095238111","7.218816464406418","3.712354025814469","","1.94765672550219","3.3692722371968","-9.470190826122989","","6.505276225946631","4.363859864781792","3.821274556780064","","3.72506608988219","3.262933080208786","1.849482377573528","","","3.133097762072984","2.275379229871605","4.835842123977637","","4.441791044776065","4.942515112006574","17.30819586279123","","5.478493996969261","3.863368669022332","2.976808584285159","","4.62233549582947","5.710674480064345","1.11923252626766","","","3.1407035175879","3.445521962350221","2.702091577162195","","4.367211615410961","2.100745425796183","1.383928571428508","","1.867609680627636","2.721705602177289","0.8963585434172803","","-0.00000000000008464865246817601","-0.7717391304348636","1.79579850914838","","","-1.760602369615812","-0.1985221131576349","-0.9687362395420694","","-0.09858692080186934","2.356194690265482","-0.00000000000002805159182592463","","-2.603601648947709","1.269595937293022","0.5885619100500109","","1.871332078396663","1.358308686603169","2.762676134472457","","","3.899909828674573","2.641175820532713","2.756780791462932","","2.039473684210588","0.5727872041500703","4.304271246147182","","3.063042993985375","5.025618663468957","5.089423713844184","","3.858695652173988","3.739327785583113","5.938242280285074","","","4.90344977218489","3.725236864771819","4.987018606663845","","7.436062755211751","2.288845905867231","4.49604221635888","","7.575921322814254","3.041312019929409","4.842945687572245","","4.730507587650451","4.708823835816238","4.158173664900134","","","5.501551189245013","5.439069960556229","5.667181865017892","","0.800160032006298","8.572329026158097","4.38339561660427","","4.812135824793945","5.721768913065296","6.142284569138188","","6.025781952633083","5.5616356581434"
"IMF.STA:PI(2.0.0)","DEU.IND.SA_POP_PCH_PT.M","OBS_VALUE","Germany","Industrial Production","Seasonally adjusted (SA) Period-over-preceding period percent change","Monthly","Units","0.4036326942482529","","","1.658291457286429","-0.5931784478496927","1.417205370462451","","2.25545476832558","-1.246703428434455","0.5098324836125123","","3.695652173913054","-1.933379920801253","1.733966745843242","","2.124678963343436","-0.7773205304068839","1.405529953917048","","","1.340604408089081","0.6053811659192884","0.9583240472475977","","-0.04415011037526387","-2.120141342756223","0","","1.872743682310475","-0.753045404208215","0.825708547199288","","-0.7746790615316935","0.289984385456174","2.246441281138773","","","1.1311725038068","-0.1935900193590041","0","","-1.530172413793154","3.107901072444729","0","","0.1910422415623032","4.322033898305072","-2.355808285946392","","-1.643094841930148","2.05117360964264","-2.56941566514711","","","0.3828158230540241","-1.144067796610129","2.48606943849122","","0.9201171058134569","0.745959386655624","-0.9255450431921126","","1.660784720780567","3.634878497039005","-2.798029556650239","","1.601459558078252","0.7182761372705589","-2.991283676703614","","","4.717173779865241","2.418096723868942","-1.694592536176646","","0.1743172574084606","-0.174013921113691","1.723803989928311","","2.018278750952027","-0.8212019410227839","0.1693639442980584","","1.33383430396395","-0.1668520578420958","1.151346332404823","","","2.276482467413268","-0.7898043439239286","-0.1628369820879569","","0.4893077201884569","0","-0.811541929666353","","0.4909090909090968","0.9589288945178383","0.8064516129032125","","-0.4800000000000058","-0.6430868167202422","2.409205321826692","","","-0.790028089887605","0.1592638471066861","2.031802120141354","","-1.679653679653665","-0.4755195491370031","1.256414793841817","","-1.083537224746587","-1.254416961130693","0.6441223832528248","","-1.262222222222263","-1.278357940223304","0.1459055261718106","","","-1.766527044254241","-1.149425287356316","-0.6751687921980332","","0.6797583081570831","-1.500375093773418","2.1896420411272","","2.64579839761507","-2.087493192956989","2.632554690396729","","1.119942196531786","0.9467667023937047","5.804282427888868","","","-7.860846295367131","2.250862225449254","1.260429611219618","","0.3155680224403962","2.638937434463469","1.668653158522052","","-1.339809077206518","6.77304362586999","-1.558028616852148","","0.2906976744186079","3.429951690821267","-0.5449167055892989","","","1.095804633688146","0.5574481263549149","1.093316907914995","","0.6702208682406627","1.210470570434255","1.061444162057125","","-0.2662721893491154","2.773657668347673","-0.8947900129888462","","1.281491189748055","1.538461538461559","-0.7504956103087425","","","0.2425452989014192","1.394819242812412","0.3649635036496252","","0.9930069930070081","0.7478188616535189","-0.9759450171821102","","1.221543586896154","-1.57707076247942","-0.4876689424550207","","0.7420890506860761","-0.8617095205003427","1.738398990607046","","","1.832713242386653","-1.082543978349084","-0.4787961696306516","","0.7285223367697707","-1.460152838427966","1.107879795042235","","1.588823448842627","-4.193069974383146","2.378271882915859","","0.2336769759450234","-1.453647833241931","-1.725577511828581","","","3.894080996884737","0.7223660896824427","1.082543978349118","","0","-0.6024096385542059","0.6060606060605949","","0.4685408299866216","-0.4663557628247749","0.1204819277108446","","1.296964834870975","1.755543822597685","1.271241406148657","","","0.9094402459331331","0.9012439705509137","0.6667505346584416","","-0.5498625343664491","0.6659964815280324","-0.6615903133191645","","-3.568735863282233","5.551211884284608","-0.4444444444444645","","-0.6572420634920735","0.5492447884159213","-0.9807572936064251","","","0.325977933801395","-0.324918770307414","-0.5641925777332211","","0.2269575085109088","1.119637690275505","-1.21920875839758","","-0.1133501259446176","-2.458706342201459","0.2326783867631874","","-0.348207376837781","-0.6859065614080931","-4.977847276518067","","","0.6171146461875915","-0.4906637590295984","1.095740309546635","","-1.314185069773695","-0.3706754530477621","-0.2480363786688738","","-2.445089100704552","3.894080996884736","-0.1226659397574126","","1.937772925764185","1.419009370816588","-0.1187961985216822","","","1.295097132284922","1.96999347684277","-0.1151484135107484","","0.5635967721275713","0.5731753916698735","1.114488348530905","","-3.657314629258478","3.224128965158605","1.00755667506297","","0","0.1122194513715881","0.1120936604807425","","","0.547399850709125","-0.33407572383077","1.104903786468032","","-1.092829076620793","-0.8814400993171754","1.778557114228466","","-4.25793748461726","4.33161953727506","0.2217568067019857","","-0.4302397049784958","0.1111111111111122","1.960784313725489","","","0.3265602322205975","-2.893309222423109","-2.085661080074456","","2.015975656143018","-0.09942828734778657","-0.5598407564070403","","2.664831727761796","0.9748964172556638","1.605117064928787","","-1.686661123648867","0.7490636704119801","3.189830914977828","","","-2.672864613596725","-0.3223880597014651","0.4312410158121591","","2.325858778625955","-0.2098146637137066","1.97406844994743","","0.504009163802986","-1.413266469113308","0.1965317919075195","","-1.119187723549096","2.590431738623092","1.51273885350319","","","-0.5938375350140427","-0.1014427412082824","-0.902628906690734","","-1.013321188659938","-0.1035196687370757","-0.9211283822682615","","0.5229517722254405","0.1965317919075196","-3.472943348332777","","0.5259383217786211","1.688466111771709","-1.449953227315298","","","-0.4271476032273116","1.906577693041002","-0.4092609915809539","","-0.9392978748385113","0.6281853739480651","-1.154299175500589","","0.8460438512869366","0.1063452676355913","0.3186968838526794","","0.5177079656430104","-0.8310897811073661","-0.8380547686496515","","","0.4285204142364048","-0.734858361977032","0.9552238805970283","","-0.2128917800117843","0","-2.417921061988908","","-3.340216203085178","2.11108318673032","-0.4307162195421713","","-1.099987640588339","-1.212196950762314","0.442757748260603","","","1.561712846347599","-0.8804563492063939","1.776554485174539","","0.9834050399508286","-0.6451612903225448","3.369272237196754","","-4.527675714116353","0.9931719428926115","2.618315918869075","","-0.311451844753241","1.273732275895207","2.005220692928348","","","-1.244620216354544","0.942285041224969","-1.551925320886778","","-0.7348583619770321","0.7402985074626978","-9.47019082612303","","12.31997905210789","-1.037416948362309","2.08480565371025","","-0.4038306218992094","0.8225208526413323","0.6089854073308156","","","0","0.1027866605756064","0.912721049629206","","-1.107970604861505","1.223276551960675","1.197199006098929","","0.9933035714285715","-2.55276826168637","1.21342708097073","","1.187675070028017","1.871332078396633","-3.760869565217421","","","1.999096453580307","0.3986269516111219","0.1874931068710621","","0.4953764861294641","-0.9749151057071156","0.486725663716809","","1.475121092029949","-1.73573443263182","-0.5851181276220158","","0.2887284841754647","1.085151146052488","-1.270675868112585","","","-1.564406967713317","1.995040577096502","-0.58570007735661","","1.37839039573143","1.458333333333329","-1.826434669836837","","-1.1668868339938","2.171975941189581","-1.253679276136495","","1.56767498344005","0.576086956521749","0.09726575164812904","","","-0.4750593824227564","0.7593838142764027","-0.47372954349698","","0.6707053223712646","0","1.81603266709651","","-2.343007915567277","4.11758348643684","-1.193689018061053","","0.3781909864481605","0.4604918890633124","2.218981143869147","","","-1.447207501019117","-0.3722854188210738","0.7369732198463749","","3.019062339000506","-4.790958191638335","4.013026578422108","","0.535299464700531","-0.2712477396021985","0.5338974513951936","","0.2705410821643189","0.4396922154491805","1.681424733857327","","","-0.1761252446184347","-0.4312879827485134","0.9549123843276153","","-1.725987323256927","2.550109148640594","0","","0.9482341557813272","0.5942681874820257","0.9337779895188201","","0.1604833380534361","0"
"IMF.STA:PI(2.0.0)","DEU.IND.SA_IX.M","OBS_VALUE","Germany","Industrial Production","Seasonally adjusted (SA) Index","Monthly","Units","31.2376555159125","","","31.75566688878944","31.5672991168342","32.01467257522792","","32.73674903438972","32.32861886182","32.49344066228084","","33.69428520849557","33.04284666381701","33.61579863684757","","34.33002643884456","34.06317209524131","34.54194018229424","","","35.00501095501757","35.21692469846723","35.55441695655372","","35.53871964222412","34.7852485544031","34.7852485544031","","35.43668709908168","35.1698327554784","35.46023307057608","","35.18553006980799","35.28756261295042","36.08027698659543","","","36.48840715916513","36.41776924468191","36.41776924468191","","35.86051458598094","36.97502390338284","36.97502390338284","","37.04566181786606","38.64678787948569","37.73634364836864","","37.11629973234926","37.87761947733507","36.90438598889961","","","37.04566181786605","36.62183433096675","37.5322785620838","","37.87761947733509","38.16017113526797","37.80698156285187","","38.43487413603604","39.83193511137082","38.71742579396892","","39.33746970998829","39.62002136792117","38.43487413603606","","","40.24791394110536","41.22114742954082","40.52261694187345","","40.59325485635666","40.52261694187344","41.22114742954082","","42.05310508900985","41.70776417375855","41.77840208824176","","42.33565674694272","42.26501883245948","42.75163557667721","","","43.72486906511268","43.37952814986137","43.30889023537814","","43.52080397882779","43.52080397882779","43.1676144064117","","43.37952814986136","43.79550697959588","44.14869655201197","","43.93678280856231","43.65423115062944","44.70595121071293","","","44.35276163829685","44.42339955278006","45.32599512673231","","44.56467538174651","44.35276163829686","44.91001629699782","","44.42339955278009","43.86614489407916","44.14869655201204","","43.59144189331107","43.0341872346101","43.09697649192852","","","42.33565674694271","41.84904000272498","41.56648834479211","","41.84904000272498","41.22114742954082","42.12374300349307","","43.23825232089498","42.33565674694273","43.45016606434463","","43.93678280856236","44.35276163829687","46.92712118835197","","","43.23825232089496","44.21148580933042","44.76874046803138","","44.91001629699782","46.09516352888294","46.86433193103355","","46.23643935784937","49.36805356660543","48.59888516445482","","48.74016099342126","50.41192496952412","50.13722196875604","","","50.68662797029218","50.96917962822506","51.52643428692601","","51.8717752021773","52.49966777536147","53.05692243406243","","52.91564660509599","54.38334549491399","53.89672875069628","","54.58741058119886","55.4272168978327","55.01123806809816","","","55.1446652398998","55.91383364205041","56.11789872833526","","56.67515338703622","57.09898087393554","56.5417262152346","","57.23240804573718","56.32981247178494","56.05510947101689","","56.4710883007514","55.98447155653367","56.95770504496914","","","58.00157644788782","57.37368387470367","57.09898087393559","","57.51495970367011","56.67515338703627","57.30304596022044","","58.21349019133749","55.77255781308404","57.09898087393561","","57.23240804573725","56.40045038626821","55.42721689783273","","","57.58559761815332","58.00157644788784","58.62946902107201","","58.62946902107201","58.27627944865592","58.62946902107201","","58.90417202184009","58.62946902107202","58.70010693555524","","59.46142668054105","60.50529808345974","61.27446648561035","","","61.8317211443113","62.38897580301226","62.80495463274677","","62.45961371749545","62.87559254722997","62.45961371749547","","60.23059508269166","63.57412303489738","63.29157137696449","","62.87559254722997","63.22093346248126","62.60088954646191","","","62.80495463274676","62.60088954646191","62.2476999740458","","62.38897580301224","63.08750629067963","62.31833788852904","","62.2476999740458","60.7172118269094","60.85848765587584","","60.64657391242617","60.23059508269163","57.23240804573724","","","57.58559761815333","57.30304596022044","57.93093853340461","","57.16961878841883","56.95770504496918","56.81642921600274","","55.42721689783274","57.58559761815333","57.5149597036701","","58.629469021072","59.46142668054102","59.39078876605778","","","60.15995716820839","61.3451044000935","61.27446648561028","","61.61980740086157","61.97299697327768","62.66367880378027","","60.37187091165807","62.318337888529","62.94623046171317","","62.94623046171317","63.0168683761964","63.08750629067961","","","63.4328472059309","63.22093346248122","63.91946395014861","","63.22093346248124","62.6636788037803","63.77818812118221","","61.06255274216068","63.707550206699","63.84882603566544","","63.57412303489736","63.64476094938058","64.89269743858412","","","65.10461118203377","63.22093346248128","61.90235905879454","","63.15029554799808","63.08750629067964","62.73431671826356","","64.40608069436642","65.03397326755059","66.07784467046927","","64.96333535306738","65.44995209728511","67.53769490312249","","","65.73250375521801","65.52059001176837","65.80314166970124","","67.33362981683766","67.19235398787123","68.51877704872279","","68.86411796397409","67.89088447553861","68.02431164734025","","67.26299190235444","69.00539379294051","70.0492651958592","","","69.63328636612466","69.56264845164145","68.93475587845728","","68.23622539078987","68.16558747630664","67.53769490312248","","67.89088447553857","68.02431164734021","65.66186584073475","","66.00720675598604","67.12171607338795","66.14848258495245","","","65.86593092701959","67.12171607338794","66.84701307261984","","66.2191204994357","66.6350993291702","65.86593092701959","","66.42318558572054","66.49382350020376","66.70573724365341","","67.0510781589047","66.49382350020373","65.93656884150279","","","66.21912049943567","65.73250375521792","66.3603963284021","","66.21912049943569","66.21912049943569","64.61799443781602","","62.45961371749541","63.77818812118216","63.50348512041411","","62.8049546327467","62.04363488776089","62.31833788852897","","","63.29157137696443","62.73431671826345","63.84882603566536","","64.47671860884953","64.06073977911504","66.21912049943562","","63.22093346248123","63.8488260356654","65.52059001176825","","65.31652492548339","66.14848258495241","67.47490564580398","","","66.63509932917015","67.26299190235432","66.21912049943566","","65.73250375521791","66.21912049943565","59.94804342475874","","67.33362981683756","66.63509932917015","68.02431164734013","","67.74960864657202","68.30686330527297","68.72284213500749","","","68.72284213500749","68.79348004949071","69.42137262267488","","68.65220422052427","69.4920105371581","70.32396819662712","","71.02249868429451","69.20945887922522","70.04926519585904","","70.88122285532807","72.20764591617963","69.49201053715807","","","70.88122285532805","71.16377451326093","71.29720168506256","","71.65039125747866","70.95186076981125","71.29720168506254","","72.34892174514603","71.09313659877768","70.67715776904315","","70.88122285532801","71.65039125747862","70.73994702636159","","","69.63328636612448","71.02249868429447","70.60651985455996","","71.57975334299542","72.6236247459141","71.29720168506252","","70.46524402559352","71.99573217272994","71.09313659877769","","72.20764591617959","72.62362474591411","72.69426266039734","","","72.34892174514608","72.89832774668222","72.55298683143093","","73.03960357564866","73.03960357564866","74.36602663650023","","72.62362474591416","75.61396312570378","74.71136755175152","","74.9939192096844","75.33926012493569","77.01102410103854","","","75.89651478363667","75.61396312570381","76.17121778440476","","78.47087433369178","74.71136755175155","77.70955458870597","","78.12553341844048","77.9136196749908","78.32959850472532","","78.54151224817497","78.88685316342626","80.21327622427782","","","80.07200039531135","79.72665948006003","80.48797922504583","","79.09876690687587","81.11587179823001","81.11587179823001","","81.88504020038062","82.37165694459835","83.14082534674896","","83.2742525185506","83.2742525185506"
"IMF.STA:PI(2.0.0)","DEU.IND.IX.M","OBS_VALUE","Germany","Industrial Production","Index","Monthly","Units","32.50030520767154","","","31.1938811019131","31.04159853743818","32.20375495053617","","34.28762162229809","33.72658059528528","34.39982982770066","","32.3480226431966","31.15380674284074","34.65630572576366","","35.89059598519188","37.26915393728054","36.04287854966678","","","33.47010469722225","34.80858829023856","36.22722060139956","","36.97260368014517","36.18714624232722","35.55397136898417","","33.95099700609037","32.94913802928174","36.67605342300979","","36.74818726934001","38.57557804303892","37.60577855348819","","","33.95099700609035","35.85052162611949","35.96272983152206","","37.86225445155119","37.83019496429331","38.6076375302968","","34.99293034197132","34.47196367403085","39.05647035190707","","38.57557804303895","41.03614369008091","39.57743701984755","","","34.47196367403085","35.44176316358159","37.83019496429333","","38.94426214650451","38.4633698376364","41.10827753641115","","35.89059598519188","35.89059598519188","40.02626984145785","","40.77165292020347","43.71311087611356","40.36289445766553","","","37.75004624614865","39.98619548238548","40.51517702214043","","41.96586882055931","44.12988421046592","42.07807702596186","","39.32096112178456","38.16681958050102","42.75132625837724","","44.57070216026169","46.47824165210529","43.49670933712285","","","42.33455292402484","43.07993600277044","42.59904369390231","","45.42829344440984","45.46836780348218","45.13174318727447","","40.99606933100852","39.6575857379922","45.20387703360468","","46.28588472855799","48.15334986132925","44.49856831393141","","","42.55896933482994","43.90546779966072","45.20387703360467","","47.40796678258362","46.62250934476567","46.73471755016824","","42.71125189930483","39.3930949681147","45.28402575174934","","46.55037549843544","47.2556842181087","43.93752728691856","","","40.17855240593262","41.70137805068172","42.7112518993048","","44.20201805679602","44.04973549232111","43.34442677264787","","41.51703599894895","38.2790277859035","45.3160852390072","","46.66258370383797","48.85865858100245","49.26741704354037","","","42.19028523136433","44.5707021602616","47.11141652544824","","48.78652473467224","49.19528319721015","52.7378565392054","","44.61077651933394","45.62065036795702","51.72798269058232","","52.28902371759514","57.61891347421697","54.2606821839545","","","49.5639673006757","52.54549961565813","54.37289038935704","","56.12814731672574","57.43457142248417","57.91546373135231","","50.7982575601039","50.61391550837113","56.42469757386108","","58.70092116917025","64.21515297752486","59.22188783711071","","","54.67745551830684","58.04370168038378","60.6405201482717","","60.18367245484697","65.44142836513857","60.70463912278746","","54.80569346733836","52.52946987202917","59.02151604174897","","61.22560579072792","64.01478118216309","60.18367245484696","","","58.37231142477697","59.67072065872094","59.4703488633592","","62.90872887176636","63.03696682079786","62.32364322931012","","55.96784988043629","51.36731345893112","60.11955348033115","","62.84460989725057","64.27125708022603","57.39449706341172","","","57.20214013986447","59.40622988884342","61.87481040769983","","65.37730939062274","63.75029041228558","63.03696682079787","","57.07390219083301","53.31492730984711","62.58813399918764","","64.53574785010357","68.81568939902996","67.25278939520853","","","60.44816322472445","66.21887093114206","65.76202323771733","","69.52901299051771","67.6455181141175","69.13628427160871","","57.5948688587735","57.5948688587735","68.42296068012099","","67.38904221605446","71.86134068852811","70.49881248006842","","","61.48208168879091","65.82614221223305","66.73983759908251","","68.55119862915248","67.77375606314902","71.46861196961918","","58.69290629735574","55.39077910979457","64.92046169719809","","64.92046169719809","69.39276016967174","63.17321964164386","","","56.68117347192404","60.44816322472442","64.14301913119457","","61.03324886718065","63.88654323313157","62.19540528027861","","52.01651807590313","52.92219859093811","60.76875809730316","","62.78049092273486","68.94392734806143","64.20713810571034","","","59.86307758226819","64.98458067171382","63.95066220764733","","67.6455181141175","67.45316119057025","68.67943657818399","","57.00978321631727","56.48881654837679","66.60358477823654","","68.87980837354571","71.73310273949665","65.89026118674879","","","63.36557656519106","66.80395657359822","67.51728016508594","","70.49881248006837","68.10236580754217","69.45687914418741","","58.10782065489947","57.00978321631724","67.58139913960172","","69.45687914418743","72.57466428001584","69.00804632257718","","","63.88654323313158","62.18739040846415","66.00246939215135","","64.37545041381417","63.24535348797406","64.30331656748396","","61.12942732895427","59.78292886412348","69.04010580983505","","71.6529540213519","70.09806888934493","68.7595852963286","","","64.80023861998095","64.51971810647451","70.81139248083259","","68.26266324383146","68.19052939750126","68.75958529632854","","65.85820169949078","62.25952425479425","70.45873812099591","","74.7627242853657","73.77689505218606","71.51670120050586","","","68.47906478282214","68.68745144999834","73.70476120585586","","69.68129555499248","67.98214273032511","67.70162221681869","","65.36929451880821","61.12942732895419","69.1122396561652","","73.42424069234947","71.16404684066925","67.48522067782801","","","64.23919759296813","66.35512375198792","71.86935556034252","","67.55735452415829","66.28298990565771","65.93033554582105","","64.1670637466379","59.85506271045365","70.17020273567511","","73.92116274484655","71.16404684066925","67.34896785698207","","","63.95066220764728","64.72810477365076","72.01362325300299","","67.62948837048849","65.8582016994909","65.22502682614784","","59.92719655678391","57.59486885877345","66.77991195815481","","68.83171914265884","66.63564426549435","63.38962118063447","","","61.48208168879089","62.04312271580372","69.46489401600191","","65.29716067247807","64.16706374663792","66.70777811182456","","60.35198476295072","58.3001775784467","68.90385298898905","","71.58883504683612","71.09191299433904","68.40693093649199","","","65.22502682614786","66.99631349714549","71.23618068699953","","66.57152529097861","66.70777811182458","59.92719655678389","","64.663985799135","60.77677296911761","70.38660427466582","","75.61230069769955","73.42424069234956","70.09806888934498","","","67.41308683149791","67.9821427303252","74.48220377185947","","70.03394991482923","69.39276016967174","69.96181606849903","","68.75958529632867","62.75644630729149","73.14372017884318","","79.00259147521994","77.03093300886056","70.59499094184206","","","69.25650734882577","70.38660427466589","75.3317801841932","","74.05741556569266","69.8175483758386","72.07774222751883","","70.17020273567527","63.95066220764741","74.41006992552933","","79.14685916788045","76.10922275019675","71.44456735417585","","","67.62948837048862","70.38660427466592","76.10922275019671","","72.92731863985258","71.79722171401243","71.58883504683625","","68.4069309364921","64.94450631264152","74.90699197802638","","79.99643558021413","77.8083755748641","72.99945248618273","","","69.68129555499258","72.29414376650944","79.07472532155013","","73.77689505218616","72.79106581900647","75.40391403052333","","69.46489401600188","69.25650734882566","78.6499371153832","","82.53714994540061","80.98226481339364","76.88666531620007","","","74.12954941202277","74.76272428536581","81.90397507205759","","79.78003404122334","73.98528171936232","79.85216788755354","","74.69860531085004","71.65295402135188","81.97610891838782","","87.27393918775176","84.73322482256513","80.42122378638086","","","78.36941660187685","78.5858181408675","87.12967149509135","","79.78003404122339","81.27080019871461","81.75970737939721","","78.79420480804373","75.96495505753619","86.49649662174832","","92.64390330344596","89.46199919310185"
